date,name,category,value
1990,Antigua and Barbuda,Caribbean,2775.856583
1991,Antigua and Barbuda,Caribbean,2894.786411
1992,Antigua and Barbuda,Caribbean,3023.718846
1993,Antigua and Barbuda,Caribbean,3164.718631
1994,Antigua and Barbuda,Caribbean,3315.718113
1995,Antigua and Barbuda,Caribbean,3474.357139
1996,Antigua and Barbuda,Caribbean,3632.254768
1997,Antigua and Barbuda,Caribbean,3781.692748
1998,Antigua and Barbuda,Caribbean,3943.439195
1999,Antigua and Barbuda,Caribbean,4102.967912
2000,Antigua and Barbuda,Caribbean,4253.391408
2001,Antigua and Barbuda,Caribbean,4385.147926
2002,Antigua and Barbuda,Caribbean,4504.00471
2003,Antigua and Barbuda,Caribbean,4609.275136
2004,Antigua and Barbuda,Caribbean,4768.161869
2005,Antigua and Barbuda,Caribbean,4921.667669
2006,Antigua and Barbuda,Caribbean,5077.20133
2007,Antigua and Barbuda,Caribbean,5216.632424
2008,Antigua and Barbuda,Caribbean,5353.322963
2009,Antigua and Barbuda,Caribbean,5489.481942
2010,Antigua and Barbuda,Caribbean,5680.614162
2011,Antigua and Barbuda,Caribbean,5876.624986
2012,Antigua and Barbuda,Caribbean,5994.840583
2013,Antigua and Barbuda,Caribbean,6101.445591
2014,Antigua and Barbuda,Caribbean,6200.044295
2015,Antigua and Barbuda,Caribbean,6285.406075
2016,Antigua and Barbuda,Caribbean,6361.650067
2017,Antigua and Barbuda,Caribbean,6423.682397
2018,Antigua and Barbuda,Caribbean,6475.700618
2019,Antigua and Barbuda,Caribbean,6519.291878
1990,Bahamas,Caribbean,13517.49327
1991,Bahamas,Caribbean,13711.50002
1992,Bahamas,Caribbean,13869.07463
1993,Bahamas,Caribbean,14005.0488
1994,Bahamas,Caribbean,14152.0265
1995,Bahamas,Caribbean,14331.85749
1996,Bahamas,Caribbean,14548.01068
1997,Bahamas,Caribbean,14799.44598
1998,Bahamas,Caribbean,15088.29087
1999,Bahamas,Caribbean,15373.70558
2000,Bahamas,Caribbean,15657.79274
2001,Bahamas,Caribbean,15964.14608
2002,Bahamas,Caribbean,16290.53224
2003,Bahamas,Caribbean,16649.47679
2004,Bahamas,Caribbean,17047.93543
2005,Bahamas,Caribbean,17440.05929
2006,Bahamas,Caribbean,17834.62069
2007,Bahamas,Caribbean,18250.84064
2008,Bahamas,Caribbean,18680.76133
2009,Bahamas,Caribbean,19082.71952
2010,Bahamas,Caribbean,19479.89303
2011,Bahamas,Caribbean,19875.35943
2012,Bahamas,Caribbean,20227.57595
2013,Bahamas,Caribbean,20535.65541
2014,Bahamas,Caribbean,20735.91769
2015,Bahamas,Caribbean,20873.92485
2016,Bahamas,Caribbean,20993.31818
2017,Bahamas,Caribbean,21114.68414
2018,Bahamas,Caribbean,21356.63378
2019,Bahamas,Caribbean,21603.84263
1990,Barbados,Caribbean,19880.58707
1991,Barbados,Caribbean,19949.93004
1992,Barbados,Caribbean,20021.44009
1993,Barbados,Caribbean,20109.08014
1994,Barbados,Caribbean,20221.72876
1995,Barbados,Caribbean,20359.71501
1996,Barbados,Caribbean,20522.50716
1997,Barbados,Caribbean,20692.65408
1998,Barbados,Caribbean,20860.49435
1999,Barbados,Caribbean,21016.87531
2000,Barbados,Caribbean,21141.09125
2001,Barbados,Caribbean,21223.86505
2002,Barbados,Caribbean,21278.84029
2003,Barbados,Caribbean,21303.275
2004,Barbados,Caribbean,21316.4712
2005,Barbados,Caribbean,21294.20434
2006,Barbados,Caribbean,21203.61892
2007,Barbados,Caribbean,21042.39131
2008,Barbados,Caribbean,20917.30021
2009,Barbados,Caribbean,20778.80834
2010,Barbados,Caribbean,20652.21425
2011,Barbados,Caribbean,20528.68617
2012,Barbados,Caribbean,20356.25626
2013,Barbados,Caribbean,20277.7656
2014,Barbados,Caribbean,20356.66092
2015,Barbados,Caribbean,20440.54366
2016,Barbados,Caribbean,20531.25321
2017,Barbados,Caribbean,20604.10029
2018,Barbados,Caribbean,20646.88042
2019,Barbados,Caribbean,20647.77373
1990,Belize,Caribbean,13655.37567
1991,Belize,Caribbean,13822.74537
1992,Belize,Caribbean,14029.4952
1993,Belize,Caribbean,14293.15364
1994,Belize,Caribbean,14602.63273
1995,Belize,Caribbean,14962.34862
1996,Belize,Caribbean,15380.65157
1997,Belize,Caribbean,15850.66123
1998,Belize,Caribbean,16391.04169
1999,Belize,Caribbean,17017.91292
2000,Belize,Caribbean,17712.51222
2001,Belize,Caribbean,18511.01641
2002,Belize,Caribbean,19397.23891
2003,Belize,Caribbean,20293.47442
2004,Belize,Caribbean,21386.46749
2005,Belize,Caribbean,22594.09935
2006,Belize,Caribbean,23800.05043
2007,Belize,Caribbean,24990.60718
2008,Belize,Caribbean,26090.45853
2009,Belize,Caribbean,27160.56912
2010,Belize,Caribbean,28243.67514
2011,Belize,Caribbean,29316.16605
2012,Belize,Caribbean,30389.15329
2013,Belize,Caribbean,31485.86753
2014,Belize,Caribbean,32651.75784
2015,Belize,Caribbean,33777.71058
2016,Belize,Caribbean,34920.43182
2017,Belize,Caribbean,36079.15346
2018,Belize,Caribbean,37247.78973
2019,Belize,Caribbean,38407.51387
1990,Cuba,Caribbean,2709132.203
1991,Cuba,Caribbean,2761268.971
1992,Cuba,Caribbean,2806077.168
1993,Cuba,Caribbean,2845199.425
1994,Cuba,Caribbean,2883368.787
1995,Cuba,Caribbean,2922917.553
1996,Cuba,Caribbean,2962952.49
1997,Cuba,Caribbean,2998874.273
1998,Cuba,Caribbean,3025139.741
1999,Cuba,Caribbean,3040916.004
2000,Cuba,Caribbean,3046045.441
2001,Cuba,Caribbean,3039765.348
2002,Cuba,Caribbean,3027479.969
2003,Cuba,Caribbean,3008897.888
2004,Cuba,Caribbean,2983486.278
2005,Cuba,Caribbean,2951966.797
2006,Cuba,Caribbean,2910909.346
2007,Cuba,Caribbean,2842412.936
2008,Cuba,Caribbean,2771387.145
2009,Cuba,Caribbean,2699966.855
2010,Cuba,Caribbean,2631655.288
2011,Cuba,Caribbean,2568669.854
2012,Cuba,Caribbean,2513432.84
2013,Cuba,Caribbean,2464310.946
2014,Cuba,Caribbean,2422698.325
2015,Cuba,Caribbean,2403059.161
2016,Cuba,Caribbean,2387600.195
2017,Cuba,Caribbean,2372919.726
2018,Cuba,Caribbean,2358088.812
2019,Cuba,Caribbean,2343205.944
1990,Dominica,Caribbean,5465.595916
1991,Dominica,Caribbean,5399.167903
1992,Dominica,Caribbean,5346.263135
1993,Dominica,Caribbean,5309.00839
1994,Dominica,Caribbean,5278.608391
1995,Dominica,Caribbean,5249.70625
1996,Dominica,Caribbean,5216.980478
1997,Dominica,Caribbean,5178.961072
1998,Dominica,Caribbean,5136.696597
1999,Dominica,Caribbean,5115.277745
2000,Dominica,Caribbean,5112.451391
2001,Dominica,Caribbean,5089.899571
2002,Dominica,Caribbean,5092.644863
2003,Dominica,Caribbean,5092.524674
2004,Dominica,Caribbean,5113.473949
2005,Dominica,Caribbean,5145.848425
2006,Dominica,Caribbean,5202.865352
2007,Dominica,Caribbean,5261.520453
2008,Dominica,Caribbean,5307.408143
2009,Dominica,Caribbean,5371.883617
2010,Dominica,Caribbean,5434.600967
2011,Dominica,Caribbean,5479.201733
2012,Dominica,Caribbean,5500.566971
2013,Dominica,Caribbean,5517.247627
2014,Dominica,Caribbean,5542.272624
2015,Dominica,Caribbean,5565.248674
2016,Dominica,Caribbean,5587.154703
2017,Dominica,Caribbean,5610.42757
2018,Dominica,Caribbean,5633.781799
2019,Dominica,Caribbean,5654.89869
1990,Dominican Republic,Caribbean,497976.0594
1991,Dominican Republic,Caribbean,520538.1517
1992,Dominican Republic,Caribbean,544363.7631
1993,Dominican Republic,Caribbean,568859.1043
1994,Dominican Republic,Caribbean,594792.4033
1995,Dominican Republic,Caribbean,621814.3986
1996,Dominican Republic,Caribbean,649585.3906
1997,Dominican Republic,Caribbean,676835.6941
1998,Dominican Republic,Caribbean,701631.344
1999,Dominican Republic,Caribbean,723996.6969
2000,Dominican Republic,Caribbean,744670.2859
2001,Dominican Republic,Caribbean,768863.9245
2002,Dominican Republic,Caribbean,791314.6284
2003,Dominican Republic,Caribbean,809437.1257
2004,Dominican Republic,Caribbean,821174.0989
2005,Dominican Republic,Caribbean,828671.2075
2006,Dominican Republic,Caribbean,833489.8928
2007,Dominican Republic,Caribbean,839115.7661
2008,Dominican Republic,Caribbean,840929.1675
2009,Dominican Republic,Caribbean,840917.005
2010,Dominican Republic,Caribbean,839987.9199
2011,Dominican Republic,Caribbean,838762.4261
2012,Dominican Republic,Caribbean,837610.8054
2013,Dominican Republic,Caribbean,834323.514
2014,Dominican Republic,Caribbean,833056.5295
2015,Dominican Republic,Caribbean,833675.4781
2016,Dominican Republic,Caribbean,836838.1524
2017,Dominican Republic,Caribbean,842555.892
2018,Dominican Republic,Caribbean,852854.682
2019,Dominican Republic,Caribbean,864334.2723
1990,Grenada,Caribbean,5529.872313
1991,Grenada,Caribbean,5679.679708
1992,Grenada,Caribbean,5886.652382
1993,Grenada,Caribbean,6143.527313
1994,Grenada,Caribbean,6446.122388
1995,Grenada,Caribbean,6786.812847
1996,Grenada,Caribbean,7164.151889
1997,Grenada,Caribbean,7559.782528
1998,Grenada,Caribbean,7952.752352
1999,Grenada,Caribbean,8319.224847
2000,Grenada,Caribbean,8636.744261
2001,Grenada,Caribbean,8904.465868
2002,Grenada,Caribbean,9127.935748
2003,Grenada,Caribbean,9326.037736
2004,Grenada,Caribbean,9491.093777
2005,Grenada,Caribbean,9614.838723
2006,Grenada,Caribbean,9697.786806
2007,Grenada,Caribbean,9746.414267
2008,Grenada,Caribbean,9767.048878
2009,Grenada,Caribbean,9763.357765
2010,Grenada,Caribbean,9768.93809
2011,Grenada,Caribbean,9658.130878
2012,Grenada,Caribbean,9646.290144
2013,Grenada,Caribbean,9631.70439
2014,Grenada,Caribbean,9638.194375
2015,Grenada,Caribbean,9639.715971
2016,Grenada,Caribbean,9634.858236
2017,Grenada,Caribbean,9623.025278
2018,Grenada,Caribbean,9610.829914
2019,Grenada,Caribbean,9596.102265
1990,Guyana,Caribbean,69510.26377
1991,Guyana,Caribbean,69403.72216
1992,Guyana,Caribbean,69449.19635
1993,Guyana,Caribbean,69688.28042
1994,Guyana,Caribbean,70088.07944
1995,Guyana,Caribbean,70610.09043
1996,Guyana,Caribbean,71218.02914
1997,Guyana,Caribbean,71946.88458
1998,Guyana,Caribbean,72552.89113
1999,Guyana,Caribbean,73031.07141
2000,Guyana,Caribbean,73356.82541
2001,Guyana,Caribbean,73528.29789
2002,Guyana,Caribbean,73779.24274
2003,Guyana,Caribbean,74040.33785
2004,Guyana,Caribbean,74441.10729
2005,Guyana,Caribbean,74910.90446
2006,Guyana,Caribbean,75496.02265
2007,Guyana,Caribbean,76179.28652
2008,Guyana,Caribbean,76923.42558
2009,Guyana,Caribbean,77660.22172
2010,Guyana,Caribbean,77939.5739
2011,Guyana,Caribbean,78122.56799
2012,Guyana,Caribbean,78266.73945
2013,Guyana,Caribbean,78388.22674
2014,Guyana,Caribbean,78586.86852
2015,Guyana,Caribbean,78746.26215
2016,Guyana,Caribbean,79906.1986
2017,Guyana,Caribbean,82035.64123
2018,Guyana,Caribbean,83044.59588
2019,Guyana,Caribbean,82842.00339
1990,Haiti,Caribbean,424677.7162
1991,Haiti,Caribbean,432389.8052
1992,Haiti,Caribbean,439456.1452
1993,Haiti,Caribbean,445308.2603
1994,Haiti,Caribbean,450230.5074
1995,Haiti,Caribbean,454605.7997
1996,Haiti,Caribbean,459597.4144
1997,Haiti,Caribbean,463587.8861
1998,Haiti,Caribbean,467550.0785
1999,Haiti,Caribbean,471176.6959
2000,Haiti,Caribbean,474449.3299
2001,Haiti,Caribbean,473107.0463
2002,Haiti,Caribbean,471764.941
2003,Haiti,Caribbean,470803.116
2004,Haiti,Caribbean,469692.3068
2005,Haiti,Caribbean,468866.7287
2006,Haiti,Caribbean,466288.4353
2007,Haiti,Caribbean,461999.4056
2008,Haiti,Caribbean,459522.8789
2009,Haiti,Caribbean,458227.9033
2010,Haiti,Caribbean,452236.7355
2011,Haiti,Caribbean,446371.6669
2012,Haiti,Caribbean,448858.7404
2013,Haiti,Caribbean,452032.9789
2014,Haiti,Caribbean,458424.6707
2015,Haiti,Caribbean,466388.878
2016,Haiti,Caribbean,475571.9829
2017,Haiti,Caribbean,486774.4353
2018,Haiti,Caribbean,499267.3695
2019,Haiti,Caribbean,513046.5805
1990,Jamaica,Caribbean,261513.0252
1991,Jamaica,Caribbean,270460.7698
1992,Jamaica,Caribbean,279688.7011
1993,Jamaica,Caribbean,288782.3434
1994,Jamaica,Caribbean,297571.756
1995,Jamaica,Caribbean,305889.137
1996,Jamaica,Caribbean,313432.0573
1997,Jamaica,Caribbean,320223.9534
1998,Jamaica,Caribbean,326197.8625
1999,Jamaica,Caribbean,330788.0488
2000,Jamaica,Caribbean,333869.8821
2001,Jamaica,Caribbean,335169.3742
2002,Jamaica,Caribbean,335285.127
2003,Jamaica,Caribbean,334475.9786
2004,Jamaica,Caribbean,333221.3644
2005,Jamaica,Caribbean,331522.6507
2006,Jamaica,Caribbean,329553.0429
2007,Jamaica,Caribbean,323506.414
2008,Jamaica,Caribbean,317424.8749
2009,Jamaica,Caribbean,312751.5384
2010,Jamaica,Caribbean,308515.3263
2011,Jamaica,Caribbean,303798.9142
2012,Jamaica,Caribbean,299757.627
2013,Jamaica,Caribbean,296497.0011
2014,Jamaica,Caribbean,294105.4834
2015,Jamaica,Caribbean,291849.7207
2016,Jamaica,Caribbean,289856.6474
2017,Jamaica,Caribbean,290588.3708
2018,Jamaica,Caribbean,291303.744
2019,Jamaica,Caribbean,292411.7318
1990,Saint Lucia,Caribbean,11726.22558
1991,Saint Lucia,Caribbean,11992.26525
1992,Saint Lucia,Caribbean,12284.06606
1993,Saint Lucia,Caribbean,12593.52007
1994,Saint Lucia,Caribbean,12915.87336
1995,Saint Lucia,Caribbean,13259.18083
1996,Saint Lucia,Caribbean,13634.78952
1997,Saint Lucia,Caribbean,14021.64302
1998,Saint Lucia,Caribbean,14413.9702
1999,Saint Lucia,Caribbean,14770.9996
2000,Saint Lucia,Caribbean,15085.73813
2001,Saint Lucia,Caribbean,15348.7245
2002,Saint Lucia,Caribbean,15597.93104
2003,Saint Lucia,Caribbean,15825.11456
2004,Saint Lucia,Caribbean,16036.57618
2005,Saint Lucia,Caribbean,16234.13824
2006,Saint Lucia,Caribbean,16393.14062
2007,Saint Lucia,Caribbean,16485.40702
2008,Saint Lucia,Caribbean,16524.26133
2009,Saint Lucia,Caribbean,16529.05669
2010,Saint Lucia,Caribbean,16562.49839
2011,Saint Lucia,Caribbean,16607.97511
2012,Saint Lucia,Caribbean,16677.31673
2013,Saint Lucia,Caribbean,16729.76881
2014,Saint Lucia,Caribbean,16887.29664
2015,Saint Lucia,Caribbean,17035.34203
2016,Saint Lucia,Caribbean,17170.88924
2017,Saint Lucia,Caribbean,17295.08544
2018,Saint Lucia,Caribbean,17405.71617
2019,Saint Lucia,Caribbean,17506.77492
1990,Saint Vincent and the Grenadines,Caribbean,8952.89557
1991,Saint Vincent and the Grenadines,Caribbean,9193.104857
1992,Saint Vincent and the Grenadines,Caribbean,9302.393637
1993,Saint Vincent and the Grenadines,Caribbean,9405.447459
1994,Saint Vincent and the Grenadines,Caribbean,9500.502105
1995,Saint Vincent and the Grenadines,Caribbean,9584.104449
1996,Saint Vincent and the Grenadines,Caribbean,9660.320147
1997,Saint Vincent and the Grenadines,Caribbean,9722.651525
1998,Saint Vincent and the Grenadines,Caribbean,9774.16783
1999,Saint Vincent and the Grenadines,Caribbean,9810.044282
2000,Saint Vincent and the Grenadines,Caribbean,9829.081161
2001,Saint Vincent and the Grenadines,Caribbean,9837.829457
2002,Saint Vincent and the Grenadines,Caribbean,9852.454155
2003,Saint Vincent and the Grenadines,Caribbean,9874.376692
2004,Saint Vincent and the Grenadines,Caribbean,9913.606476
2005,Saint Vincent and the Grenadines,Caribbean,9970.285514
2006,Saint Vincent and the Grenadines,Caribbean,10024.88047
2007,Saint Vincent and the Grenadines,Caribbean,10080.66218
2008,Saint Vincent and the Grenadines,Caribbean,10148.40429
2009,Saint Vincent and the Grenadines,Caribbean,10222.04012
2010,Saint Vincent and the Grenadines,Caribbean,10318.61479
2011,Saint Vincent and the Grenadines,Caribbean,10404.65691
2012,Saint Vincent and the Grenadines,Caribbean,10472.21518
2013,Saint Vincent and the Grenadines,Caribbean,10535.54636
2014,Saint Vincent and the Grenadines,Caribbean,10624.56229
2015,Saint Vincent and the Grenadines,Caribbean,10699.15109
2016,Saint Vincent and the Grenadines,Caribbean,10756.97287
2017,Saint Vincent and the Grenadines,Caribbean,10800.79788
2018,Saint Vincent and the Grenadines,Caribbean,10834.17584
2019,Saint Vincent and the Grenadines,Caribbean,10858.80348
1990,Suriname,Caribbean,69304.70441
1991,Suriname,Caribbean,70185.11354
1992,Suriname,Caribbean,71116.9103
1993,Suriname,Caribbean,71968.67817
1994,Suriname,Caribbean,73005.39409
1995,Suriname,Caribbean,74584.21799
1996,Suriname,Caribbean,76522.88082
1997,Suriname,Caribbean,78665.72937
1998,Suriname,Caribbean,80879.72105
1999,Suriname,Caribbean,83137.57062
2000,Suriname,Caribbean,85323.25792
2001,Suriname,Caribbean,87345.20017
2002,Suriname,Caribbean,89383.69248
2003,Suriname,Caribbean,91235.44296
2004,Suriname,Caribbean,92762.27354
2005,Suriname,Caribbean,94037.71051
2006,Suriname,Caribbean,94733.31269
2007,Suriname,Caribbean,94688.1426
2008,Suriname,Caribbean,94393.54714
2009,Suriname,Caribbean,93907.01026
2010,Suriname,Caribbean,93654.23143
2011,Suriname,Caribbean,93526.26976
2012,Suriname,Caribbean,93269.68672
2013,Suriname,Caribbean,93218.44997
2014,Suriname,Caribbean,93195.95636
2015,Suriname,Caribbean,93119.94635
2016,Suriname,Caribbean,92980.42523
2017,Suriname,Caribbean,92803.09353
2018,Suriname,Caribbean,92643.13056
2019,Suriname,Caribbean,92491.38519
1990,Trinidad and Tobago,Caribbean,171624.093
1991,Trinidad and Tobago,Caribbean,170417.2903
1992,Trinidad and Tobago,Caribbean,169563.0594
1993,Trinidad and Tobago,Caribbean,169156.3123
1994,Trinidad and Tobago,Caribbean,169218.7384
1995,Trinidad and Tobago,Caribbean,169862.1263
1996,Trinidad and Tobago,Caribbean,170981.4551
1997,Trinidad and Tobago,Caribbean,172489.5152
1998,Trinidad and Tobago,Caribbean,174246.7169
1999,Trinidad and Tobago,Caribbean,176084.8976
2000,Trinidad and Tobago,Caribbean,177998.0723
2001,Trinidad and Tobago,Caribbean,179909.3349
2002,Trinidad and Tobago,Caribbean,182625.1016
2003,Trinidad and Tobago,Caribbean,185700.9976
2004,Trinidad and Tobago,Caribbean,189452.3397
2005,Trinidad and Tobago,Caribbean,193043.4605
2006,Trinidad and Tobago,Caribbean,196404.1119
2007,Trinidad and Tobago,Caribbean,199384.3822
2008,Trinidad and Tobago,Caribbean,202056.6925
2009,Trinidad and Tobago,Caribbean,203913.4585
2010,Trinidad and Tobago,Caribbean,205439.905
2011,Trinidad and Tobago,Caribbean,207027.2519
2012,Trinidad and Tobago,Caribbean,207446.8266
2013,Trinidad and Tobago,Caribbean,207435.0261
2014,Trinidad and Tobago,Caribbean,207242.1228
2015,Trinidad and Tobago,Caribbean,206733.7807
2016,Trinidad and Tobago,Caribbean,206073.6067
2017,Trinidad and Tobago,Caribbean,205352.6884
2018,Trinidad and Tobago,Caribbean,204519.5428
2019,Trinidad and Tobago,Caribbean,203573.7699
1990,Bolivia (Plurinational State of),Andean Latin America,490119.2049
1991,Bolivia (Plurinational State of),Andean Latin America,480610.5376
1992,Bolivia (Plurinational State of),Andean Latin America,473333.7295
1993,Bolivia (Plurinational State of),Andean Latin America,468075.031
1994,Bolivia (Plurinational State of),Andean Latin America,464330.2009
1995,Bolivia (Plurinational State of),Andean Latin America,461543.6258
1996,Bolivia (Plurinational State of),Andean Latin America,460301.4673
1997,Bolivia (Plurinational State of),Andean Latin America,460908.2444
1998,Bolivia (Plurinational State of),Andean Latin America,462993.5896
1999,Bolivia (Plurinational State of),Andean Latin America,467253.7967
2000,Bolivia (Plurinational State of),Andean Latin America,473433.4778
2001,Bolivia (Plurinational State of),Andean Latin America,482934.4721
2002,Bolivia (Plurinational State of),Andean Latin America,494818.023
2003,Bolivia (Plurinational State of),Andean Latin America,508873.5868
2004,Bolivia (Plurinational State of),Andean Latin America,533985.5484
2005,Bolivia (Plurinational State of),Andean Latin America,562962.048
2006,Bolivia (Plurinational State of),Andean Latin America,595048.9229
2007,Bolivia (Plurinational State of),Andean Latin America,629418.5641
2008,Bolivia (Plurinational State of),Andean Latin America,666272.8766
2009,Bolivia (Plurinational State of),Andean Latin America,705275.3738
2010,Bolivia (Plurinational State of),Andean Latin America,745832.9831
2011,Bolivia (Plurinational State of),Andean Latin America,788880.0453
2012,Bolivia (Plurinational State of),Andean Latin America,832198.8759
2013,Bolivia (Plurinational State of),Andean Latin America,872653.6855
2014,Bolivia (Plurinational State of),Andean Latin America,912615.9043
2015,Bolivia (Plurinational State of),Andean Latin America,939479.4578
2016,Bolivia (Plurinational State of),Andean Latin America,963831.8124
2017,Bolivia (Plurinational State of),Andean Latin America,987035.4625
2018,Bolivia (Plurinational State of),Andean Latin America,1009958.114
2019,Bolivia (Plurinational State of),Andean Latin America,1031448.125
1990,Ecuador,Andean Latin America,960219.1674
1991,Ecuador,Andean Latin America,964637.369
1992,Ecuador,Andean Latin America,969893.5071
1993,Ecuador,Andean Latin America,975605.4068
1994,Ecuador,Andean Latin America,982673.1042
1995,Ecuador,Andean Latin America,992838.2346
1996,Ecuador,Andean Latin America,1002969.772
1997,Ecuador,Andean Latin America,1018127.45
1998,Ecuador,Andean Latin America,1038801.918
1999,Ecuador,Andean Latin America,1071657.069
2000,Ecuador,Andean Latin America,1109817.844
2001,Ecuador,Andean Latin America,1152523.316
2002,Ecuador,Andean Latin America,1200663.295
2003,Ecuador,Andean Latin America,1252836.899
2004,Ecuador,Andean Latin America,1296468.912
2005,Ecuador,Andean Latin America,1340490.657
2006,Ecuador,Andean Latin America,1402518.668
2007,Ecuador,Andean Latin America,1471183.037
2008,Ecuador,Andean Latin America,1540339.354
2009,Ecuador,Andean Latin America,1608563.523
2010,Ecuador,Andean Latin America,1674568.201
2011,Ecuador,Andean Latin America,1739022.371
2012,Ecuador,Andean Latin America,1795006.429
2013,Ecuador,Andean Latin America,1817791.43
2014,Ecuador,Andean Latin America,1828655.476
2015,Ecuador,Andean Latin America,1833755.944
2016,Ecuador,Andean Latin America,1844747.602
2017,Ecuador,Andean Latin America,1867341.802
2018,Ecuador,Andean Latin America,1877881.383
2019,Ecuador,Andean Latin America,1871145.678
1990,Peru,Andean Latin America,1199048.135
1991,Peru,Andean Latin America,1238208.615
1992,Peru,Andean Latin America,1282263.529
1993,Peru,Andean Latin America,1331405.414
1994,Peru,Andean Latin America,1384778.937
1995,Peru,Andean Latin America,1442125.513
1996,Peru,Andean Latin America,1501351.655
1997,Peru,Andean Latin America,1558275.914
1998,Peru,Andean Latin America,1609165.278
1999,Peru,Andean Latin America,1651782.162
2000,Peru,Andean Latin America,1684821.814
2001,Peru,Andean Latin America,1705437.366
2002,Peru,Andean Latin America,1717945.533
2003,Peru,Andean Latin America,1723497.786
2004,Peru,Andean Latin America,1724743.032
2005,Peru,Andean Latin America,1721853.785
2006,Peru,Andean Latin America,1713047.176
2007,Peru,Andean Latin America,1683288.023
2008,Peru,Andean Latin America,1653092.555
2009,Peru,Andean Latin America,1624351.536
2010,Peru,Andean Latin America,1593775.532
2011,Peru,Andean Latin America,1567621.608
2012,Peru,Andean Latin America,1545418.426
2013,Peru,Andean Latin America,1524235.911
2014,Peru,Andean Latin America,1497884.175
2015,Peru,Andean Latin America,1465157.357
2016,Peru,Andean Latin America,1436756.609
2017,Peru,Andean Latin America,1423599.295
2018,Peru,Andean Latin America,1433349.324
2019,Peru,Andean Latin America,1434720.061
1990,Colombia,Central Latin America,5061522.058
1991,Colombia,Central Latin America,5063881.029
1992,Colombia,Central Latin America,5078934.657
1993,Colombia,Central Latin America,5115509.151
1994,Colombia,Central Latin America,5168413.354
1995,Colombia,Central Latin America,5240036.584
1996,Colombia,Central Latin America,5328936.681
1997,Colombia,Central Latin America,5430732.335
1998,Colombia,Central Latin America,5528330.437
1999,Colombia,Central Latin America,5622643.826
2000,Colombia,Central Latin America,5702386.933
2001,Colombia,Central Latin America,5764760.234
2002,Colombia,Central Latin America,5805998.947
2003,Colombia,Central Latin America,5815196.742
2004,Colombia,Central Latin America,5786031.93
2005,Colombia,Central Latin America,5693914.91
2006,Colombia,Central Latin America,5576768.383
2007,Colombia,Central Latin America,5467665.465
2008,Colombia,Central Latin America,5344775.496
2009,Colombia,Central Latin America,5218904.794
2010,Colombia,Central Latin America,5085158.518
2011,Colombia,Central Latin America,4965235.047
2012,Colombia,Central Latin America,4854311.074
2013,Colombia,Central Latin America,4753602.08
2014,Colombia,Central Latin America,4663511.974
2015,Colombia,Central Latin America,4590514.012
2016,Colombia,Central Latin America,4530966.05
2017,Colombia,Central Latin America,4505566.64
2018,Colombia,Central Latin America,4507642.903
2019,Colombia,Central Latin America,4490660.857
1990,Costa Rica,Central Latin America,418257.466
1991,Costa Rica,Central Latin America,422432.1548
1992,Costa Rica,Central Latin America,427637.2675
1993,Costa Rica,Central Latin America,433785.8904
1994,Costa Rica,Central Latin America,440619.3311
1995,Costa Rica,Central Latin America,447855.8303
1996,Costa Rica,Central Latin America,455629.7041
1997,Costa Rica,Central Latin America,464207.6787
1998,Costa Rica,Central Latin America,473601.1158
1999,Costa Rica,Central Latin America,483704.5541
2000,Costa Rica,Central Latin America,493621.9469
2001,Costa Rica,Central Latin America,502945.8785
2002,Costa Rica,Central Latin America,511563.8579
2003,Costa Rica,Central Latin America,517962.3205
2004,Costa Rica,Central Latin America,514354.2712
2005,Costa Rica,Central Latin America,507964.1327
2006,Costa Rica,Central Latin America,499075.1364
2007,Costa Rica,Central Latin America,485352.6222
2008,Costa Rica,Central Latin America,469794.585
2009,Costa Rica,Central Latin America,462170.1263
2010,Costa Rica,Central Latin America,453657.7534
2011,Costa Rica,Central Latin America,444690.8576
2012,Costa Rica,Central Latin America,436392.796
2013,Costa Rica,Central Latin America,428351.7461
2014,Costa Rica,Central Latin America,420868.3628
2015,Costa Rica,Central Latin America,414322.7002
2016,Costa Rica,Central Latin America,409995.9137
2017,Costa Rica,Central Latin America,407255.0606
2018,Costa Rica,Central Latin America,406426.2229
2019,Costa Rica,Central Latin America,406631.7771
1990,El Salvador,Central Latin America,254371.3477
1991,El Salvador,Central Latin America,250655.5261
1992,El Salvador,Central Latin America,249053.3838
1993,El Salvador,Central Latin America,249877.2728
1994,El Salvador,Central Latin America,252087.7036
1995,El Salvador,Central Latin America,255546.7989
1996,El Salvador,Central Latin America,259636.2005
1997,El Salvador,Central Latin America,264616.9771
1998,El Salvador,Central Latin America,270049.6024
1999,El Salvador,Central Latin America,276576.7308
2000,El Salvador,Central Latin America,284122.1747
2001,El Salvador,Central Latin America,292712.0647
2002,El Salvador,Central Latin America,302297.7739
2003,El Salvador,Central Latin America,313121.4744
2004,El Salvador,Central Latin America,323653.5636
2005,El Salvador,Central Latin America,334761.0082
2006,El Salvador,Central Latin America,346695.9068
2007,El Salvador,Central Latin America,359361.9217
2008,El Salvador,Central Latin America,371557.2407
2009,El Salvador,Central Latin America,383653.8215
2010,El Salvador,Central Latin America,394733.0819
2011,El Salvador,Central Latin America,405608.2235
2012,El Salvador,Central Latin America,415088.8212
2013,El Salvador,Central Latin America,423386.1871
2014,El Salvador,Central Latin America,430718.7707
2015,El Salvador,Central Latin America,438019.6141
2016,El Salvador,Central Latin America,443180.2397
2017,El Salvador,Central Latin America,447637.4835
2018,El Salvador,Central Latin America,451578.8653
2019,El Salvador,Central Latin America,454973.2026
1990,Guatemala,Central Latin America,626139.1933
1991,Guatemala,Central Latin America,635410.1087
1992,Guatemala,Central Latin America,647742.6051
1993,Guatemala,Central Latin America,663541.1058
1994,Guatemala,Central Latin America,682746.484
1995,Guatemala,Central Latin America,705131.8164
1996,Guatemala,Central Latin America,730051.416
1997,Guatemala,Central Latin America,756154.9252
1998,Guatemala,Central Latin America,782832.1197
1999,Guatemala,Central Latin America,810421.1454
2000,Guatemala,Central Latin America,839839.9216
2001,Guatemala,Central Latin America,870771.1678
2002,Guatemala,Central Latin America,903303.1298
2003,Guatemala,Central Latin America,938245.7508
2004,Guatemala,Central Latin America,970122.3363
2005,Guatemala,Central Latin America,1004030.979
2006,Guatemala,Central Latin America,1040557.969
2007,Guatemala,Central Latin America,1079410.713
2008,Guatemala,Central Latin America,1116566.041
2009,Guatemala,Central Latin America,1153281.445
2010,Guatemala,Central Latin America,1190333.468
2011,Guatemala,Central Latin America,1228765.708
2012,Guatemala,Central Latin America,1265824.689
2013,Guatemala,Central Latin America,1299839.389
2014,Guatemala,Central Latin America,1330361.246
2015,Guatemala,Central Latin America,1365435.126
2016,Guatemala,Central Latin America,1398407.031
2017,Guatemala,Central Latin America,1433479.487
2018,Guatemala,Central Latin America,1473279.986
2019,Guatemala,Central Latin America,1510631.523
1990,Honduras,Central Latin America,447237.3687
1991,Honduras,Central Latin America,458449.8971
1992,Honduras,Central Latin America,470625.6926
1993,Honduras,Central Latin America,484421.2694
1994,Honduras,Central Latin America,499601.4344
1995,Honduras,Central Latin America,515760.6288
1996,Honduras,Central Latin America,531701.2467
1997,Honduras,Central Latin America,547729.3002
1998,Honduras,Central Latin America,563208.6388
1999,Honduras,Central Latin America,579002.8543
2000,Honduras,Central Latin America,595001.6368
2001,Honduras,Central Latin America,610544.1113
2002,Honduras,Central Latin America,624360.1617
2003,Honduras,Central Latin America,637264.0882
2004,Honduras,Central Latin America,647969.122
2005,Honduras,Central Latin America,657088.0521
2006,Honduras,Central Latin America,665227.2525
2007,Honduras,Central Latin America,675527.7878
2008,Honduras,Central Latin America,689997.984
2009,Honduras,Central Latin America,708650.7144
2010,Honduras,Central Latin America,731479.5816
2011,Honduras,Central Latin America,755389.1557
2012,Honduras,Central Latin America,779830.4377
2013,Honduras,Central Latin America,802727.4295
2014,Honduras,Central Latin America,823979.9895
2015,Honduras,Central Latin America,845308.1646
2016,Honduras,Central Latin America,867316.8064
2017,Honduras,Central Latin America,889476.6926
2018,Honduras,Central Latin America,912654.9333
2019,Honduras,Central Latin America,935824.6172
1990,Mexico,Central Latin America,16451443.94
1991,Mexico,Central Latin America,16663975.64
1992,Mexico,Central Latin America,16892127.28
1993,Mexico,Central Latin America,17113019.88
1994,Mexico,Central Latin America,17258862.17
1995,Mexico,Central Latin America,17334475.47
1996,Mexico,Central Latin America,17342345.45
1997,Mexico,Central Latin America,17305085.98
1998,Mexico,Central Latin America,17221120.64
1999,Mexico,Central Latin America,17048502.29
2000,Mexico,Central Latin America,16827148.15
2001,Mexico,Central Latin America,16582210.35
2002,Mexico,Central Latin America,16319905.98
2003,Mexico,Central Latin America,16079655.79
2004,Mexico,Central Latin America,15824830.61
2005,Mexico,Central Latin America,15580209.09
2006,Mexico,Central Latin America,15392207.32
2007,Mexico,Central Latin America,15247530.05
2008,Mexico,Central Latin America,15147346.62
2009,Mexico,Central Latin America,15093214.68
2010,Mexico,Central Latin America,15090708.57
2011,Mexico,Central Latin America,15269977.8
2012,Mexico,Central Latin America,15412548.91
2013,Mexico,Central Latin America,15560267.82
2014,Mexico,Central Latin America,15719267.41
2015,Mexico,Central Latin America,15901011.08
2016,Mexico,Central Latin America,16050038.41
2017,Mexico,Central Latin America,16191166.91
2018,Mexico,Central Latin America,16371033.59
2019,Mexico,Central Latin America,16538270.05
1990,Nicaragua,Central Latin America,371657.4626
1991,Nicaragua,Central Latin America,377578.9048
1992,Nicaragua,Central Latin America,383438.2268
1993,Nicaragua,Central Latin America,390094.9669
1994,Nicaragua,Central Latin America,397337.6146
1995,Nicaragua,Central Latin America,404693.4365
1996,Nicaragua,Central Latin America,411908.0613
1997,Nicaragua,Central Latin America,419743.0727
1998,Nicaragua,Central Latin America,426717.9026
1999,Nicaragua,Central Latin America,433153.0594
2000,Nicaragua,Central Latin America,443474.8399
2001,Nicaragua,Central Latin America,453883.1335
2002,Nicaragua,Central Latin America,463695.8639
2003,Nicaragua,Central Latin America,472215.276
2004,Nicaragua,Central Latin America,476669.5319
2005,Nicaragua,Central Latin America,481674.7803
2006,Nicaragua,Central Latin America,487840.6273
2007,Nicaragua,Central Latin America,500165.1704
2008,Nicaragua,Central Latin America,512225.3147
2009,Nicaragua,Central Latin America,524417.7756
2010,Nicaragua,Central Latin America,535493.2189
2011,Nicaragua,Central Latin America,546657.2476
2012,Nicaragua,Central Latin America,556872.8149
2013,Nicaragua,Central Latin America,566522.1961
2014,Nicaragua,Central Latin America,576238.5638
2015,Nicaragua,Central Latin America,585331.2656
2016,Nicaragua,Central Latin America,593327.009
2017,Nicaragua,Central Latin America,601283.3148
2018,Nicaragua,Central Latin America,610144.8565
2019,Nicaragua,Central Latin America,619162.1357
1990,Panama,Central Latin America,217223.7658
1991,Panama,Central Latin America,220386.3564
1992,Panama,Central Latin America,223651.2392
1993,Panama,Central Latin America,227156.1119
1994,Panama,Central Latin America,230747.0564
1995,Panama,Central Latin America,234497.8304
1996,Panama,Central Latin America,238282.784
1997,Panama,Central Latin America,241779.6435
1998,Panama,Central Latin America,244448.9801
1999,Panama,Central Latin America,247041.7561
2000,Panama,Central Latin America,248016.4091
2001,Panama,Central Latin America,247658.1437
2002,Panama,Central Latin America,246051.0806
2003,Panama,Central Latin America,243594.7233
2004,Panama,Central Latin America,240401.5065
2005,Panama,Central Latin America,237749.7061
2006,Panama,Central Latin America,236112.1227
2007,Panama,Central Latin America,233735.9487
2008,Panama,Central Latin America,231309.5276
2009,Panama,Central Latin America,229259.0462
2010,Panama,Central Latin America,227565.1572
2011,Panama,Central Latin America,226559.8714
2012,Panama,Central Latin America,225914.8292
2013,Panama,Central Latin America,225463.4941
2014,Panama,Central Latin America,228537.5542
2015,Panama,Central Latin America,232738.7562
2016,Panama,Central Latin America,238678.2042
2017,Panama,Central Latin America,245255.2576
2018,Panama,Central Latin America,251119.2059
2019,Panama,Central Latin America,256600.515
1990,Venezuela (Bolivarian Republic of),Central Latin America,3092173.873
1991,Venezuela (Bolivarian Republic of),Central Latin America,3097552.768
1992,Venezuela (Bolivarian Republic of),Central Latin America,3112178.925
1993,Venezuela (Bolivarian Republic of),Central Latin America,3134970.602
1994,Venezuela (Bolivarian Republic of),Central Latin America,3159493.628
1995,Venezuela (Bolivarian Republic of),Central Latin America,3184962.494
1996,Venezuela (Bolivarian Republic of),Central Latin America,3212315.148
1997,Venezuela (Bolivarian Republic of),Central Latin America,3243246.08
1998,Venezuela (Bolivarian Republic of),Central Latin America,3273791.572
1999,Venezuela (Bolivarian Republic of),Central Latin America,3296574.881
2000,Venezuela (Bolivarian Republic of),Central Latin America,3317215.177
2001,Venezuela (Bolivarian Republic of),Central Latin America,3341844.028
2002,Venezuela (Bolivarian Republic of),Central Latin America,3372231.363
2003,Venezuela (Bolivarian Republic of),Central Latin America,3408125.113
2004,Venezuela (Bolivarian Republic of),Central Latin America,3444919.529
2005,Venezuela (Bolivarian Republic of),Central Latin America,3484379.258
2006,Venezuela (Bolivarian Republic of),Central Latin America,3527061.777
2007,Venezuela (Bolivarian Republic of),Central Latin America,3565965.527
2008,Venezuela (Bolivarian Republic of),Central Latin America,3603518.989
2009,Venezuela (Bolivarian Republic of),Central Latin America,3639077.981
2010,Venezuela (Bolivarian Republic of),Central Latin America,3673069.426
2011,Venezuela (Bolivarian Republic of),Central Latin America,3717706.414
2012,Venezuela (Bolivarian Republic of),Central Latin America,3763730.117
2013,Venezuela (Bolivarian Republic of),Central Latin America,3810777.424
2014,Venezuela (Bolivarian Republic of),Central Latin America,3860139.515
2015,Venezuela (Bolivarian Republic of),Central Latin America,3892948.187
2016,Venezuela (Bolivarian Republic of),Central Latin America,3800385.033
2017,Venezuela (Bolivarian Republic of),Central Latin America,3632086.446
2018,Venezuela (Bolivarian Republic of),Central Latin America,3592694.144
2019,Venezuela (Bolivarian Republic of),Central Latin America,3640784.543
1990,Brazil,Tropical Latin America,32407943.72
1991,Brazil,Tropical Latin America,32530533.31
1992,Brazil,Tropical Latin America,32559207.14
1993,Brazil,Tropical Latin America,32514540.9
1994,Brazil,Tropical Latin America,32402705.94
1995,Brazil,Tropical Latin America,32256982.74
1996,Brazil,Tropical Latin America,32079442.42
1997,Brazil,Tropical Latin America,31840106.61
1998,Brazil,Tropical Latin America,31555064.78
1999,Brazil,Tropical Latin America,31195245.29
2000,Brazil,Tropical Latin America,30764639.76
2001,Brazil,Tropical Latin America,30270637.05
2002,Brazil,Tropical Latin America,29742535.41
2003,Brazil,Tropical Latin America,29177907.96
2004,Brazil,Tropical Latin America,28487648.82
2005,Brazil,Tropical Latin America,27773809.5
2006,Brazil,Tropical Latin America,27050904.4
2007,Brazil,Tropical Latin America,26277861.46
2008,Brazil,Tropical Latin America,25416183.14
2009,Brazil,Tropical Latin America,24363572.04
2010,Brazil,Tropical Latin America,23203763.77
2011,Brazil,Tropical Latin America,21949090.47
2012,Brazil,Tropical Latin America,20565520.06
2013,Brazil,Tropical Latin America,19211631.04
2014,Brazil,Tropical Latin America,17943793.67
2015,Brazil,Tropical Latin America,16879442.32
2016,Brazil,Tropical Latin America,16054806.24
2017,Brazil,Tropical Latin America,15491861.12
2018,Brazil,Tropical Latin America,15210942.37
2019,Brazil,Tropical Latin America,15098322.61
1990,Paraguay,Tropical Latin America,622585.2717
1991,Paraguay,Tropical Latin America,642185.6714
1992,Paraguay,Tropical Latin America,661706.6102
1993,Paraguay,Tropical Latin America,680466.0913
1994,Paraguay,Tropical Latin America,698038.0844
1995,Paraguay,Tropical Latin America,714682.2825
1996,Paraguay,Tropical Latin America,730258.1054
1997,Paraguay,Tropical Latin America,744801.1945
1998,Paraguay,Tropical Latin America,760388.5781
1999,Paraguay,Tropical Latin America,773430.5243
2000,Paraguay,Tropical Latin America,783455.3157
2001,Paraguay,Tropical Latin America,789615.0674
2002,Paraguay,Tropical Latin America,792000.9022
2003,Paraguay,Tropical Latin America,781383.1119
2004,Paraguay,Tropical Latin America,769430.7322
2005,Paraguay,Tropical Latin America,758481.5462
2006,Paraguay,Tropical Latin America,750183.1757
2007,Paraguay,Tropical Latin America,745881.216
2008,Paraguay,Tropical Latin America,740860.622
2009,Paraguay,Tropical Latin America,734990.8639
2010,Paraguay,Tropical Latin America,729435.3915
2011,Paraguay,Tropical Latin America,725060.5547
2012,Paraguay,Tropical Latin America,728357.6412
2013,Paraguay,Tropical Latin America,733165.7763
2014,Paraguay,Tropical Latin America,739579.8304
2015,Paraguay,Tropical Latin America,747849.7764
2016,Paraguay,Tropical Latin America,757836.2723
2017,Paraguay,Tropical Latin America,769394.5595
2018,Paraguay,Tropical Latin America,782515.2381
2019,Paraguay,Tropical Latin America,797003.3467
1990,American Samoa,Tropical Latin America,10445.0914
1991,American Samoa,Tropical Latin America,10815.11318
1992,American Samoa,Tropical Latin America,11153.71595
1993,American Samoa,Tropical Latin America,11472.26329
1994,American Samoa,Tropical Latin America,11772.60018
1995,American Samoa,Tropical Latin America,12043.35697
1996,American Samoa,Tropical Latin America,12278.87135
1997,American Samoa,Tropical Latin America,12478.43543
1998,American Samoa,Tropical Latin America,12645.18312
1999,American Samoa,Tropical Latin America,12777.23248
2000,American Samoa,Tropical Latin America,12871.41895
2001,American Samoa,Tropical Latin America,12905.59751
2002,American Samoa,Tropical Latin America,12886.12931
2003,American Samoa,Tropical Latin America,12841.04153
2004,American Samoa,Tropical Latin America,12773.20201
2005,American Samoa,Tropical Latin America,12674.05374
2006,American Samoa,Tropical Latin America,12568.07874
2007,American Samoa,Tropical Latin America,12459.92562
2008,American Samoa,Tropical Latin America,12352.21712
2009,American Samoa,Tropical Latin America,12268.96318
2010,American Samoa,Tropical Latin America,12219.34766
2011,American Samoa,Tropical Latin America,12183.29713
2012,American Samoa,Tropical Latin America,12181.56293
2013,American Samoa,Tropical Latin America,12194.12543
2014,American Samoa,Tropical Latin America,12227.45453
2015,American Samoa,Tropical Latin America,12284.56301
2016,American Samoa,Tropical Latin America,12344.25385
2017,American Samoa,Tropical Latin America,12420.26774
2018,American Samoa,Tropical Latin America,12504.50977
2019,American Samoa,Tropical Latin America,12594.55401
1990,Bermuda,Andean Latin America,6519.038704
1991,Bermuda,Andean Latin America,6612.339797
1992,Bermuda,Andean Latin America,6699.807279
1993,Bermuda,Andean Latin America,6784.782951
1994,Bermuda,Andean Latin America,6866.315954
1995,Bermuda,Andean Latin America,6945.474772
1996,Bermuda,Andean Latin America,7023.509285
1997,Bermuda,Andean Latin America,7098.438558
1998,Bermuda,Andean Latin America,7168.942377
1999,Bermuda,Andean Latin America,7233.135729
2000,Bermuda,Andean Latin America,7292.269925
2001,Bermuda,Andean Latin America,7339.91705
2002,Bermuda,Andean Latin America,7393.649833
2003,Bermuda,Andean Latin America,7445.62873
2004,Bermuda,Andean Latin America,7501.317143
2005,Bermuda,Andean Latin America,7547.324143
2006,Bermuda,Andean Latin America,7563.221012
2007,Bermuda,Andean Latin America,7531.471423
2008,Bermuda,Andean Latin America,7490.581508
2009,Bermuda,Andean Latin America,7442.445514
2010,Bermuda,Andean Latin America,7396.514316
2011,Bermuda,Andean Latin America,7337.052394
2012,Bermuda,Andean Latin America,7289.829701
2013,Bermuda,Andean Latin America,7244.808185
2014,Bermuda,Andean Latin America,7200.649743
2015,Bermuda,Andean Latin America,7150.932078
2016,Bermuda,Andean Latin America,7092.092296
2017,Bermuda,Andean Latin America,7030.813519
2018,Bermuda,Andean Latin America,6967.940101
2019,Bermuda,Andean Latin America,6901.926619
1990,Puerto Rico,Central Latin America,380722.4905
1991,Puerto Rico,Central Latin America,386345.4989
1992,Puerto Rico,Central Latin America,391621.7405
1993,Puerto Rico,Central Latin America,396512.775
1994,Puerto Rico,Central Latin America,400909.9317
1995,Puerto Rico,Central Latin America,404756.7549
1996,Puerto Rico,Central Latin America,407965.0099
1997,Puerto Rico,Central Latin America,410284.5819
1998,Puerto Rico,Central Latin America,411200.8457
1999,Puerto Rico,Central Latin America,410403.2372
2000,Puerto Rico,Central Latin America,408450.8671
2001,Puerto Rico,Central Latin America,405797.5086
2002,Puerto Rico,Central Latin America,403041.4673
2003,Puerto Rico,Central Latin America,399976.432
2004,Puerto Rico,Central Latin America,397170.6828
2005,Puerto Rico,Central Latin America,394500.8138
2006,Puerto Rico,Central Latin America,391093.4936
2007,Puerto Rico,Central Latin America,386955.0383
2008,Puerto Rico,Central Latin America,382822.9377
2009,Puerto Rico,Central Latin America,378711.6774
2010,Puerto Rico,Central Latin America,375541.0204
2011,Puerto Rico,Central Latin America,372287.7217
2012,Puerto Rico,Central Latin America,368527.6306
2013,Puerto Rico,Central Latin America,364570.7445
2014,Puerto Rico,Central Latin America,360910.5919
2015,Puerto Rico,Central Latin America,357135.2716
2016,Puerto Rico,Central Latin America,353407.4354
2017,Puerto Rico,Central Latin America,344357.8764
2018,Puerto Rico,Central Latin America,335682.1474
2019,Puerto Rico,Central Latin America,332541.0472
1990,Saint Kitts and Nevis,Central Latin America,1686.960787
1991,Saint Kitts and Nevis,Central Latin America,1742.114309
1992,Saint Kitts and Nevis,Central Latin America,1803.754587
1993,Saint Kitts and Nevis,Central Latin America,1875.190467
1994,Saint Kitts and Nevis,Central Latin America,1955.42323
1995,Saint Kitts and Nevis,Central Latin America,2045.576103
1996,Saint Kitts and Nevis,Central Latin America,2145.251128
1997,Saint Kitts and Nevis,Central Latin America,2253.42867
1998,Saint Kitts and Nevis,Central Latin America,2366.126479
1999,Saint Kitts and Nevis,Central Latin America,2476.956115
2000,Saint Kitts and Nevis,Central Latin America,2584.700492
2001,Saint Kitts and Nevis,Central Latin America,2681.719675
2002,Saint Kitts and Nevis,Central Latin America,2780.823478
2003,Saint Kitts and Nevis,Central Latin America,2873.326372
2004,Saint Kitts and Nevis,Central Latin America,2954.880636
2005,Saint Kitts and Nevis,Central Latin America,3019.57935
2006,Saint Kitts and Nevis,Central Latin America,3065.536011
2007,Saint Kitts and Nevis,Central Latin America,3099.464302
2008,Saint Kitts and Nevis,Central Latin America,3109.827348
2009,Saint Kitts and Nevis,Central Latin America,3110.746079
2010,Saint Kitts and Nevis,Central Latin America,3110.679432
2011,Saint Kitts and Nevis,Central Latin America,3105.64243
2012,Saint Kitts and Nevis,Central Latin America,3111.025295
2013,Saint Kitts and Nevis,Central Latin America,3130.200004
2014,Saint Kitts and Nevis,Central Latin America,3169.688182
2015,Saint Kitts and Nevis,Central Latin America,3205.915853
2016,Saint Kitts and Nevis,Central Latin America,3235.764587
2017,Saint Kitts and Nevis,Central Latin America,3263.133784
2018,Saint Kitts and Nevis,Central Latin America,3289.219108
2019,Saint Kitts and Nevis,Central Latin America,3313.42698
1990,United States Virgin Islands,Central Latin America,6648.56127
1991,United States Virgin Islands,Central Latin America,6796.299229
1992,United States Virgin Islands,Central Latin America,6937.066803
1993,United States Virgin Islands,Central Latin America,7072.337174
1994,United States Virgin Islands,Central Latin America,7198.198196
1995,United States Virgin Islands,Central Latin America,7311.826589
1996,United States Virgin Islands,Central Latin America,7414.882814
1997,United States Virgin Islands,Central Latin America,7499.349421
1998,United States Virgin Islands,Central Latin America,7563.357651
1999,United States Virgin Islands,Central Latin America,7601.962492
2000,United States Virgin Islands,Central Latin America,7613.881323
2001,United States Virgin Islands,Central Latin America,7592.530989
2002,United States Virgin Islands,Central Latin America,7540.180911
2003,United States Virgin Islands,Central Latin America,7454.473874
2004,United States Virgin Islands,Central Latin America,7342.251972
2005,United States Virgin Islands,Central Latin America,7207.344893
2006,United States Virgin Islands,Central Latin America,7048.753698
2007,United States Virgin Islands,Central Latin America,6853.049529
2008,United States Virgin Islands,Central Latin America,6641.810032
2009,United States Virgin Islands,Central Latin America,6444.214898
2010,United States Virgin Islands,Central Latin America,6310.48367
2011,United States Virgin Islands,Central Latin America,6191.517805
2012,United States Virgin Islands,Central Latin America,6090.03009
2013,United States Virgin Islands,Central Latin America,6001.867686
2014,United States Virgin Islands,Central Latin America,5930.106096
2015,United States Virgin Islands,Central Latin America,5857.43823
2016,United States Virgin Islands,Central Latin America,5782.004602
2017,United States Virgin Islands,Central Latin America,5707.028063
2018,United States Virgin Islands,Central Latin America,5633.535832
2019,United States Virgin Islands,Central Latin America,5562.809002
